<?xml version="1.0" encoding="UTF-8"?>
<project-private xmlns="http://www.netbeans.org/ns/project-private/1">
    <editor-bookmarks xmlns="http://www.netbeans.org/ns/editor-bookmarks/2" lastBookmarkId="0"/>
    <open-files xmlns="http://www.netbeans.org/ns/projectui-open-files/2">
        <group>
            <file>file:/D:/IT%20Telkom/Semester%204/Pemrograman%20Berorientasi%20Objek/Pak%20Agus/Tugas%20Besar/New%20Folder/Pureloka/src/admHome.java</file>
            <file>file:/D:/IT%20Telkom/Semester%204/Pemrograman%20Berorientasi%20Objek/Pak%20Agus/Tugas%20Besar/New%20Folder/Pureloka/src/cekinPage.java</file>
            <file>file:/D:/IT%20Telkom/Semester%204/Pemrograman%20Berorientasi%20Objek/Pak%20Agus/Tugas%20Besar/New%20Folder/Pureloka/src/Home.java</file>
            <file>file:/D:/IT%20Telkom/Semester%204/Pemrograman%20Berorientasi%20Objek/Pak%20Agus/Tugas%20Besar/New%20Folder/Pureloka/src/registerPage.java</file>
            <file>file:/D:/IT%20Telkom/Semester%204/Pemrograman%20Berorientasi%20Objek/Pak%20Agus/Tugas%20Besar/New%20Folder/Pureloka/src/userLogin.java</file>
            <file>file:/D:/IT%20Telkom/Semester%204/Pemrograman%20Berorientasi%20Objek/Pak%20Agus/Tugas%20Besar/New%20Folder/Pureloka/src/bookingPage.java</file>
        </group>
    </open-files>
</project-private>
